member_casual,avg_ride_minutes
casual,20.404822434805549
member,10.947380951062845