member_casual,ride_length
casual,96.20007699744492
member,12.677112518179278
